[
  {
    "id": 0,
    "accountId": 20,
    "name": "Wise",
    "bedType": "DOUBLE",
    "size": 855,
    "price": {
      "price": 689888,
      "discount": 738
    },
    "facility": "AC",
    "city": "BALI",
    "booked": [
      "2017-07-02T08:56:56-07:00",
      "2019-12-07T12:02:13-07:00",
      "2016-12-17T02:13:36-07:00",
      "2019-07-04T07:53:08-07:00",
      "2020-11-24T04:34:16-07:00",
      "2019-06-20T08:36:49-07:00",
      "2015-06-01T12:59:29-07:00",
      "2014-04-20T08:46:29-07:00",
      "2017-10-02T11:44:05-07:00",
      "2015-12-23T04:15:15-07:00"
    ],
    "address": "773 Flatlands Avenue, Inkerman, Missouri, 9611"
  },
  {
    "id": 1,
    "accountId": 2,
    "name": "Adrian",
    "bedType": "QUEEN",
    "size": 842,
    "price": {
      "price": 779889,
      "discount": 80068
    },
    "facility": "Balcony",
    "city": "BALI",
    "booked": [
      "2014-11-13T05:14:42-07:00",
      "2016-05-11T07:25:14-07:00",
      "2014-08-06T01:39:44-07:00",
      "2018-03-17T09:58:10-07:00",
      "2015-04-30T02:44:50-07:00",
      "2021-12-20T05:55:44-07:00",
      "2021-06-28T03:44:38-07:00",
      "2019-01-10T05:47:25-07:00",
      "2014-06-12T12:48:53-07:00"
    ],
    "address": "241 Newton Street, Wawona, North Carolina, 9727"
  },
  {
    "id": 2,
    "accountId": 1,
    "name": "Joyce",
    "bedType": "DOUBLE",
    "size": 18,
    "price": {
      "price": 794675,
      "discount": 18232
    },
    "facility": "Bathub",
    "city": "MEDAN",
    "booked": [
      "2017-12-23T05:38:32-07:00"
    ],
    "address": "266 Horace Court, Lookingglass, Iowa, 3030"
  },
  {
    "id": 3,
    "accountId": 12,
    "name": "Maggie",
    "bedType": "SINGLE",
    "size": 480,
    "price": {
      "price": 295200,
      "discount": 9065
    },
    "facility": "Bathub",
    "city": "JAKARTA",
    "booked": [
      "2017-12-01T06:00:38-07:00",
      "2019-08-30T06:21:20-07:00",
      "2022-07-22T01:48:55-07:00"
    ],
    "address": "213 Veranda Place, Faywood, Minnesota, 4983"
  },
  {
    "id": 4,
    "accountId": 9,
    "name": "Cain",
    "bedType": "KING",
    "size": 352,
    "price": {
      "price": 785923,
      "discount": 51735
    },
    "facility": "Balcony",
    "city": "JAKARTA",
    "booked": [
      "2014-03-02T06:24:56-07:00",
      "2014-05-09T02:08:45-07:00",
      "2020-03-06T09:18:21-07:00",
      "2014-09-02T09:44:27-07:00",
      "2016-04-29T02:23:35-07:00",
      "2021-01-30T05:22:28-07:00",
      "2019-04-24T03:41:52-07:00",
      "2017-09-13T01:44:57-07:00",
      "2014-08-14T11:09:30-07:00",
      "2014-08-21T03:16:58-07:00"
    ],
    "address": "624 Schenck Place, Bend, Kansas, 2978"
  },
  {
    "id": 5,
    "accountId": 3,
    "name": "Tami",
    "bedType": "SINGLE",
    "size": 887,
    "price": {
      "price": 919641,
      "discount": 4963
    },
    "facility": "Balcony",
    "city": "BEKASI",
    "booked": [
      "2019-01-02T07:54:09-07:00",
      "2016-09-23T07:30:57-07:00",
      "2021-01-25T12:52:09-07:00",
      "2021-09-16T05:18:57-07:00",
      "2021-03-05T07:17:18-07:00",
      "2019-02-18T02:09:44-07:00",
      "2017-04-05T03:51:31-07:00",
      "2017-12-29T08:29:30-07:00"
    ],
    "address": "516 Railroad Avenue, Longbranch, Wisconsin, 3230"
  },
  {
    "id": 6,
    "accountId": 20,
    "name": "Claudia",
    "bedType": "QUEEN",
    "size": 94,
    "price": {
      "price": 659013,
      "discount": 18681
    },
    "facility": "Restaurant",
    "city": "LAMPUNG",
    "booked": [
      "2015-09-28T11:31:42-07:00",
      "2017-10-21T11:59:21-07:00",
      "2021-05-07T12:57:17-07:00",
      "2017-06-08T03:47:05-07:00",
      "2020-10-20T12:55:02-07:00"
    ],
    "address": "895 Garden Place, Soudan, South Carolina, 5245"
  },
  {
    "id": 7,
    "accountId": 19,
    "name": "Terrie",
    "bedType": "KING",
    "size": 447,
    "price": {
      "price": 550922,
      "discount": 38763
    },
    "facility": "Bathub",
    "city": "BEKASI",
    "booked": [
      "2017-10-18T04:14:42-07:00",
      "2019-03-16T10:40:56-07:00",
      "2017-08-15T03:43:53-07:00",
      "2021-11-29T01:57:56-07:00"
    ],
    "address": "321 Billings Place, Grahamtown, Maryland, 6610"
  },
  {
    "id": 8,
    "accountId": 6,
    "name": "Knowles",
    "bedType": "QUEEN",
    "size": 438,
    "price": {
      "price": 271788,
      "discount": 21209
    },
    "facility": "Refrigerator",
    "city": "BEKASI",
    "booked": [
      "2015-07-06T07:38:52-07:00",
      "2014-04-23T10:28:21-07:00"
    ],
    "address": "708 Clymer Street, Glendale, Tennessee, 1939"
  },
  {
    "id": 9,
    "accountId": 8,
    "name": "Bryant",
    "bedType": "SINGLE",
    "size": 627,
    "price": {
      "price": 953717,
      "discount": 14658
    },
    "facility": "Bathub",
    "city": "BEKASI",
    "booked": [
      "2014-11-07T07:15:29-07:00",
      "2014-03-15T03:33:56-07:00",
      "2019-01-23T12:56:41-07:00",
      "2019-11-09T01:37:54-07:00"
    ],
    "address": "857 Bedford Avenue, Fresno, Pennsylvania, 7179"
  },
  {
    "id": 10,
    "accountId": 8,
    "name": "Flossie",
    "bedType": "DOUBLE",
    "size": 192,
    "price": {
      "price": 194299,
      "discount": 18565
    },
    "facility": "FitnessCenter",
    "city": "MEDAN",
    "booked": [
      "2017-11-04T09:56:54-07:00",
      "2020-12-01T01:35:49-07:00",
      "2015-06-17T10:15:38-07:00",
      "2021-10-24T10:43:43-07:00",
      "2021-01-19T06:07:01-07:00",
      "2022-02-26T02:47:41-07:00"
    ],
    "address": "412 Bay Avenue, Boykin, Nebraska, 4203"
  },
  {
    "id": 11,
    "accountId": 1,
    "name": "Roman",
    "bedType": "SINGLE",
    "size": 283,
    "price": {
      "price": 780442,
      "discount": 38673
    },
    "facility": "FitnessCenter",
    "city": "SURABAYA",
    "booked": [
      "2016-09-28T01:12:23-07:00",
      "2019-04-23T07:36:12-07:00",
      "2017-10-17T05:33:51-07:00"
    ],
    "address": "708 Clermont Avenue, Fillmore, California, 8239"
  },
  {
    "id": 12,
    "accountId": 16,
    "name": "Callahan",
    "bedType": "DOUBLE",
    "size": 211,
    "price": {
      "price": 652393,
      "discount": 50227
    },
    "facility": "Balcony",
    "city": "SEMARANG",
    "booked": [
      "2022-05-03T06:54:49-07:00",
      "2016-07-07T02:27:25-07:00",
      "2020-04-21T02:20:59-07:00",
      "2018-11-21T07:58:11-07:00",
      "2018-09-22T03:07:53-07:00",
      "2017-07-20T05:11:16-07:00",
      "2018-02-17T03:48:30-07:00",
      "2019-12-14T05:58:15-07:00",
      "2017-01-05T02:06:16-07:00",
      "2017-01-12T01:18:12-07:00"
    ],
    "address": "504 Louis Place, Sena, Federated States Of Micronesia, 9271"
  },
  {
    "id": 13,
    "accountId": 11,
    "name": "Briggs",
    "bedType": "SINGLE",
    "size": 419,
    "price": {
      "price": 486811,
      "discount": 52708
    },
    "facility": "Restaurant",
    "city": "BALI",
    "booked": [
      "2017-09-23T03:12:09-07:00",
      "2017-04-24T06:20:07-07:00",
      "2019-05-30T07:48:24-07:00",
      "2020-11-10T01:05:38-07:00",
      "2014-07-04T10:41:04-07:00",
      "2015-11-21T08:21:15-07:00",
      "2021-07-20T02:26:21-07:00",
      "2018-06-15T09:12:43-07:00",
      "2014-03-05T06:34:30-07:00"
    ],
    "address": "671 Taylor Street, Tuskahoma, Utah, 6102"
  },
  {
    "id": 14,
    "accountId": 20,
    "name": "Fisher",
    "bedType": "QUEEN",
    "size": 934,
    "price": {
      "price": 246098,
      "discount": 6444
    },
    "facility": "AC",
    "city": "JAKARTA",
    "booked": [
      "2015-01-28T02:29:15-07:00"
    ],
    "address": "360 Jodie Court, Aurora, Arizona, 1668"
  },
  {
    "id": 15,
    "accountId": 10,
    "name": "Robyn",
    "bedType": "DOUBLE",
    "size": 535,
    "price": {
      "price": 359910,
      "discount": 94532
    },
    "facility": "WiFi",
    "city": "BEKASI",
    "booked": [
      "2019-04-16T03:57:27-07:00",
      "2014-07-08T02:41:48-07:00"
    ],
    "address": "999 Lexington Avenue, Skyland, Washington, 9062"
  },
  {
    "id": 16,
    "accountId": 17,
    "name": "Franco",
    "bedType": "QUEEN",
    "size": 774,
    "price": {
      "price": 871561,
      "discount": 58591
    },
    "facility": "Restaurant",
    "city": "DEPOK",
    "booked": [
      "2014-06-23T02:47:03-07:00"
    ],
    "address": "697 Florence Avenue, Elbert, Northern Mariana Islands, 7477"
  },
  {
    "id": 17,
    "accountId": 9,
    "name": "Martin",
    "bedType": "KING",
    "size": 498,
    "price": {
      "price": 505675,
      "discount": 59367
    },
    "facility": "SwimmingPool",
    "city": "LAMPUNG",
    "booked": [
      "2014-07-08T09:48:03-07:00",
      "2015-08-08T01:57:14-07:00",
      "2016-10-03T03:28:07-07:00",
      "2016-09-26T07:13:42-07:00"
    ],
    "address": "115 Gem Street, Siglerville, North Dakota, 1845"
  },
  {
    "id": 18,
    "accountId": 5,
    "name": "Hurley",
    "bedType": "SINGLE",
    "size": 962,
    "price": {
      "price": 708842,
      "discount": 71438
    },
    "facility": "Restaurant",
    "city": "DEPOK",
    "booked": [
      "2018-03-07T09:20:16-07:00",
      "2015-07-04T09:08:01-07:00",
      "2021-11-13T11:23:25-07:00",
      "2016-06-29T08:50:33-07:00",
      "2020-10-21T03:42:35-07:00",
      "2015-08-09T01:52:37-07:00"
    ],
    "address": "314 Ralph Avenue, Madaket, Oregon, 8802"
  },
  {
    "id": 19,
    "accountId": 7,
    "name": "Ada",
    "bedType": "KING",
    "size": 269,
    "price": {
      "price": 611368,
      "discount": 29517
    },
    "facility": "FitnessCenter",
    "city": "BALI",
    "booked": [
      "2021-04-14T05:05:12-07:00",
      "2019-04-22T11:51:52-07:00",
      "2019-11-05T05:34:25-07:00",
      "2019-09-25T12:15:38-07:00",
      "2022-04-17T12:29:23-07:00",
      "2018-11-19T10:39:30-07:00",
      "2016-10-09T07:28:32-07:00",
      "2014-02-04T03:48:50-07:00"
    ],
    "address": "823 Rugby Road, Laurelton, Idaho, 3238"
  },
  {
    "id": 20,
    "accountId": 14,
    "name": "Leola",
    "bedType": "DOUBLE",
    "size": 179,
    "price": {
      "price": 832382,
      "discount": 75305
    },
    "facility": "Refrigerator",
    "city": "MEDAN",
    "booked": [
      "2014-08-15T05:43:25-07:00",
      "2021-11-15T09:22:47-07:00",
      "2022-08-20T03:06:57-07:00",
      "2016-11-08T03:04:28-07:00",
      "2019-01-13T08:11:02-07:00",
      "2016-12-04T05:12:13-07:00",
      "2022-08-15T03:59:31-07:00",
      "2021-08-19T07:32:23-07:00",
      "2016-11-11T06:29:01-07:00"
    ],
    "address": "774 Junius Street, Staples, Kentucky, 9600"
  },
  {
    "id": 21,
    "accountId": 5,
    "name": "Morrow",
    "bedType": "SINGLE",
    "size": 797,
    "price": {
      "price": 313861,
      "discount": 18413
    },
    "facility": "Restaurant",
    "city": "BEKASI",
    "booked": [
      "2019-10-08T07:42:50-07:00",
      "2016-02-22T10:29:04-07:00",
      "2020-08-17T03:16:49-07:00",
      "2017-03-26T12:01:32-07:00",
      "2016-02-15T03:19:05-07:00",
      "2021-03-17T09:42:53-07:00",
      "2020-06-20T07:36:14-07:00",
      "2020-04-11T10:04:21-07:00",
      "2019-12-08T05:38:40-07:00",
      "2019-08-18T06:25:30-07:00"
    ],
    "address": "477 Quay Street, Manchester, Mississippi, 9859"
  },
  {
    "id": 22,
    "accountId": 19,
    "name": "Frankie",
    "bedType": "DOUBLE",
    "size": 883,
    "price": {
      "price": 985550,
      "discount": 72416
    },
    "facility": "WiFi",
    "city": "SEMARANG",
    "booked": [
      "2016-02-28T07:56:23-07:00",
      "2017-01-11T10:03:39-07:00",
      "2016-03-09T06:09:37-07:00",
      "2021-03-21T05:49:30-07:00",
      "2017-06-20T04:22:26-07:00",
      "2019-02-09T02:53:40-07:00"
    ],
    "address": "248 Judge Street, Selma, New York, 9518"
  },
  {
    "id": 23,
    "accountId": 14,
    "name": "Harding",
    "bedType": "KING",
    "size": 924,
    "price": {
      "price": 474670,
      "discount": 9856
    },
    "facility": "Restaurant",
    "city": "DEPOK",
    "booked": [
      "2015-12-26T11:05:07-07:00",
      "2020-10-05T04:21:09-07:00",
      "2016-08-30T06:29:29-07:00",
      "2022-04-19T02:41:19-07:00",
      "2014-10-08T04:31:01-07:00",
      "2015-05-21T12:35:44-07:00",
      "2014-04-23T08:34:47-07:00"
    ],
    "address": "946 Beadel Street, Hendersonville, South Dakota, 6189"
  },
  {
    "id": 24,
    "accountId": 16,
    "name": "Toni",
    "bedType": "KING",
    "size": 969,
    "price": {
      "price": 417237,
      "discount": 40690
    },
    "facility": "Refrigerator",
    "city": "JAKARTA",
    "booked": [
      "2020-04-29T11:54:08-07:00",
      "2019-11-22T09:03:51-07:00"
    ],
    "address": "861 Reed Street, Barronett, Indiana, 8023"
  },
  {
    "id": 25,
    "accountId": 19,
    "name": "Marks",
    "bedType": "QUEEN",
    "size": 332,
    "price": {
      "price": 317202,
      "discount": 28575
    },
    "facility": "SwimmingPool",
    "city": "BANDUNG",
    "booked": [
      "2014-02-10T12:54:50-07:00",
      "2020-04-01T07:32:57-07:00",
      "2017-01-01T10:29:51-07:00"
    ],
    "address": "195 Elton Street, Caberfae, Wyoming, 5625"
  },
  {
    "id": 26,
    "accountId": 8,
    "name": "Rice",
    "bedType": "KING",
    "size": 552,
    "price": {
      "price": 616489,
      "discount": 69079
    },
    "facility": "WiFi",
    "city": "BALI",
    "booked": [
      "2017-01-14T07:59:03-07:00",
      "2018-02-05T06:12:46-07:00",
      "2017-04-20T11:02:38-07:00",
      "2020-01-29T05:44:49-07:00",
      "2015-03-16T11:15:07-07:00",
      "2020-09-05T05:03:03-07:00"
    ],
    "address": "189 Vanderveer Place, Bainbridge, American Samoa, 9876"
  },
  {
    "id": 27,
    "accountId": 18,
    "name": "Reeves",
    "bedType": "SINGLE",
    "size": 292,
    "price": {
      "price": 829744,
      "discount": 42026
    },
    "facility": "AC",
    "city": "BALI",
    "booked": [
      "2014-03-21T03:08:12-07:00",
      "2021-09-24T08:58:16-07:00",
      "2016-05-04T01:54:58-07:00",
      "2019-09-11T02:36:27-07:00",
      "2020-05-14T10:25:16-07:00",
      "2020-01-23T01:19:28-07:00",
      "2021-05-26T07:26:04-07:00",
      "2020-03-19T03:51:18-07:00",
      "2015-05-19T01:44:18-07:00",
      "2015-08-21T02:07:16-07:00"
    ],
    "address": "997 Nevins Street, Day, Montana, 8300"
  },
  {
    "id": 28,
    "accountId": 6,
    "name": "Baird",
    "bedType": "SINGLE",
    "size": 545,
    "price": {
      "price": 308171,
      "discount": 1765
    },
    "facility": "FitnessCenter",
    "city": "SEMARANG",
    "booked": [
      "2016-06-16T06:33:32-07:00",
      "2018-07-07T01:22:04-07:00",
      "2016-05-14T01:01:45-07:00",
      "2017-01-05T08:40:13-07:00",
      "2015-09-24T07:28:39-07:00",
      "2015-09-01T02:37:32-07:00",
      "2019-05-31T07:12:20-07:00",
      "2018-01-25T05:47:46-07:00",
      "2016-08-28T05:19:56-07:00"
    ],
    "address": "485 Bushwick Place, Sharon, Virgin Islands, 9007"
  },
  {
    "id": 29,
    "accountId": 4,
    "name": "Katelyn",
    "bedType": "QUEEN",
    "size": 501,
    "price": {
      "price": 832863,
      "discount": 59533
    },
    "facility": "WiFi",
    "city": "LAMPUNG",
    "booked": [
      "2014-10-08T06:49:40-07:00",
      "2018-02-17T05:09:45-07:00"
    ],
    "address": "311 Ocean Court, Heil, Palau, 3714"
  },
  {
    "id": 30,
    "accountId": 18,
    "name": "Ball",
    "bedType": "QUEEN",
    "size": 774,
    "price": {
      "price": 180979,
      "discount": 88808
    },
    "facility": "Bathub",
    "city": "BALI",
    "booked": [
      "2019-08-05T01:51:08-07:00",
      "2022-08-14T05:57:53-07:00",
      "2015-07-26T08:12:59-07:00",
      "2018-11-02T08:17:33-07:00",
      "2020-12-20T08:33:18-07:00"
    ],
    "address": "463 Essex Street, Roland, Virginia, 1992"
  },
  {
    "id": 31,
    "accountId": 13,
    "name": "Paige",
    "bedType": "QUEEN",
    "size": 674,
    "price": {
      "price": 772359,
      "discount": 78532
    },
    "facility": "Bathub",
    "city": "JAKARTA",
    "booked": [
      "2020-01-29T06:23:07-07:00",
      "2018-02-26T07:11:13-07:00",
      "2016-11-29T08:28:49-07:00",
      "2022-07-05T11:17:32-07:00",
      "2016-12-27T03:58:58-07:00",
      "2016-04-19T11:53:41-07:00",
      "2017-06-01T09:23:43-07:00"
    ],
    "address": "677 Noll Street, Colton, Oklahoma, 4907"
  },
  {
    "id": 32,
    "accountId": 16,
    "name": "Elnora",
    "bedType": "QUEEN",
    "size": 129,
    "price": {
      "price": 900233,
      "discount": 96628
    },
    "facility": "AC",
    "city": "LAMPUNG",
    "booked": [
      "2016-02-29T02:32:31-07:00",
      "2015-08-06T09:41:22-07:00",
      "2022-06-04T07:20:01-07:00",
      "2019-11-27T10:08:45-07:00"
    ],
    "address": "983 Lorimer Street, Sehili, New Jersey, 4199"
  },
  {
    "id": 33,
    "accountId": 4,
    "name": "England",
    "bedType": "QUEEN",
    "size": 426,
    "price": {
      "price": 918116,
      "discount": 74789
    },
    "facility": "WiFi",
    "city": "SURABAYA",
    "booked": [
      "2015-12-06T03:11:02-07:00",
      "2017-03-16T06:31:14-07:00",
      "2021-10-24T05:48:33-07:00",
      "2019-05-27T07:20:46-07:00",
      "2018-10-10T05:07:34-07:00",
      "2021-06-07T12:33:29-07:00",
      "2020-07-30T09:38:01-07:00",
      "2019-09-12T06:43:29-07:00"
    ],
    "address": "455 Montrose Avenue, Cherokee, New Hampshire, 9728"
  },
  {
    "id": 34,
    "accountId": 11,
    "name": "Flynn",
    "bedType": "SINGLE",
    "size": 533,
    "price": {
      "price": 281526,
      "discount": 78379
    },
    "facility": "WiFi",
    "city": "SEMARANG",
    "booked": [
      "2021-02-25T06:54:43-07:00",
      "2018-10-28T07:48:24-07:00",
      "2019-09-19T03:40:17-07:00",
      "2016-05-21T01:41:26-07:00",
      "2014-12-18T09:38:11-07:00",
      "2020-01-07T05:23:01-07:00"
    ],
    "address": "934 Harwood Place, Bladensburg, Louisiana, 4023"
  },
  {
    "id": 35,
    "accountId": 9,
    "name": "Clayton",
    "bedType": "SINGLE",
    "size": 316,
    "price": {
      "price": 399709,
      "discount": 73200
    },
    "facility": "Restaurant",
    "city": "DEPOK",
    "booked": [
      "2017-08-17T06:39:57-07:00",
      "2019-03-20T01:47:31-07:00",
      "2017-06-25T01:34:54-07:00",
      "2015-05-26T08:32:17-07:00",
      "2014-01-03T07:44:06-07:00",
      "2021-07-27T03:42:22-07:00",
      "2015-08-17T07:25:45-07:00",
      "2021-03-03T11:58:55-07:00",
      "2017-07-24T09:56:19-07:00",
      "2015-11-30T02:47:59-07:00"
    ],
    "address": "170 Jerome Street, Nettie, Texas, 2935"
  },
  {
    "id": 36,
    "accountId": 16,
    "name": "Short",
    "bedType": "SINGLE",
    "size": 774,
    "price": {
      "price": 352072,
      "discount": 27725
    },
    "facility": "WiFi",
    "city": "SURABAYA",
    "booked": [
      "2018-08-28T07:57:23-07:00"
    ],
    "address": "100 Banker Street, Greenbackville, Delaware, 8734"
  },
  {
    "id": 37,
    "accountId": 12,
    "name": "Davenport",
    "bedType": "KING",
    "size": 817,
    "price": {
      "price": 295943,
      "discount": 73762
    },
    "facility": "Bathub",
    "city": "SEMARANG",
    "booked": [
      "2017-02-05T04:41:06-07:00",
      "2016-09-28T03:34:49-07:00",
      "2018-11-20T12:57:42-07:00"
    ],
    "address": "690 Hutchinson Court, Blodgett, Arkansas, 6539"
  },
  {
    "id": 38,
    "accountId": 10,
    "name": "Rosie",
    "bedType": "SINGLE",
    "size": 562,
    "price": {
      "price": 723442,
      "discount": 17460
    },
    "facility": "FitnessCenter",
    "city": "BALI",
    "booked": [
      "2014-06-03T08:36:55-07:00",
      "2021-02-27T07:18:45-07:00",
      "2019-12-01T07:03:57-07:00",
      "2021-06-14T05:11:03-07:00",
      "2020-10-28T03:55:26-07:00",
      "2015-09-25T09:14:26-07:00",
      "2018-04-28T07:08:02-07:00"
    ],
    "address": "243 Cook Street, Harrison, Massachusetts, 7128"
  },
  {
    "id": 39,
    "accountId": 11,
    "name": "Isabel",
    "bedType": "QUEEN",
    "size": 457,
    "price": {
      "price": 444236,
      "discount": 57457
    },
    "facility": "WiFi",
    "city": "MEDAN",
    "booked": [
      "2021-11-19T05:03:34-07:00",
      "2019-06-30T07:29:05-07:00",
      "2020-04-22T08:04:12-07:00",
      "2015-07-14T07:40:25-07:00",
      "2015-05-11T05:17:00-07:00",
      "2022-02-14T01:26:36-07:00",
      "2021-05-06T10:33:16-07:00"
    ],
    "address": "906 Pioneer Street, Noblestown, Ohio, 4477"
  },
  {
    "id": 40,
    "accountId": 15,
    "name": "Guzman",
    "bedType": "QUEEN",
    "size": 46,
    "price": {
      "price": 381678,
      "discount": 79977
    },
    "facility": "WiFi",
    "city": "SURABAYA",
    "booked": [
      "2021-08-28T10:31:18-07:00",
      "2016-01-12T05:02:35-07:00"
    ],
    "address": "650 Neptune Avenue, Groveville, Illinois, 6990"
  },
  {
    "id": 41,
    "accountId": 15,
    "name": "Thompson",
    "bedType": "QUEEN",
    "size": 639,
    "price": {
      "price": 574238,
      "discount": 34413
    },
    "facility": "SwimmingPool",
    "city": "DEPOK",
    "booked": [
      "2021-06-04T05:25:42-07:00",
      "2022-06-07T11:41:58-07:00",
      "2019-04-27T12:23:39-07:00",
      "2014-09-23T03:39:14-07:00",
      "2014-03-30T10:17:25-07:00",
      "2017-04-11T02:01:05-07:00",
      "2022-01-01T01:08:46-07:00",
      "2014-08-12T11:22:55-07:00"
    ],
    "address": "577 Cadman Plaza, Retsof, Georgia, 3824"
  },
  {
    "id": 42,
    "accountId": 2,
    "name": "Grimes",
    "bedType": "DOUBLE",
    "size": 201,
    "price": {
      "price": 206789,
      "discount": 47813
    },
    "facility": "Bathub",
    "city": "LAMPUNG",
    "booked": [
      "2021-11-08T07:43:45-07:00",
      "2016-04-20T05:20:45-07:00",
      "2015-11-21T11:43:43-07:00",
      "2018-07-10T07:57:55-07:00",
      "2018-08-26T10:58:52-07:00",
      "2014-07-17T01:24:00-07:00"
    ],
    "address": "749 Gallatin Place, Beechmont, Connecticut, 7264"
  },
  {
    "id": 43,
    "accountId": 15,
    "name": "Simmons",
    "bedType": "SINGLE",
    "size": 938,
    "price": {
      "price": 457593,
      "discount": 5565
    },
    "facility": "Restaurant",
    "city": "BANDUNG",
    "booked": [
      "2021-04-12T12:07:46-07:00",
      "2020-01-15T05:04:47-07:00",
      "2021-04-30T07:25:06-07:00",
      "2016-09-29T09:48:07-07:00",
      "2014-06-26T09:44:58-07:00",
      "2015-03-31T05:47:21-07:00",
      "2019-09-27T08:09:50-07:00",
      "2019-11-09T11:12:05-07:00",
      "2017-01-26T06:04:34-07:00",
      "2017-10-07T12:54:14-07:00"
    ],
    "address": "139 Leonora Court, Tonopah, Puerto Rico, 1389"
  },
  {
    "id": 44,
    "accountId": 20,
    "name": "Cathryn",
    "bedType": "QUEEN",
    "size": 653,
    "price": {
      "price": 461541,
      "discount": 44434
    },
    "facility": "Refrigerator",
    "city": "BALI",
    "booked": [
      "2015-09-04T06:06:42-07:00",
      "2016-07-05T12:17:25-07:00"
    ],
    "address": "625 Maple Avenue, Roulette, Marshall Islands, 9102"
  },
  {
    "id": 45,
    "accountId": 3,
    "name": "Jackson",
    "bedType": "DOUBLE",
    "size": 210,
    "price": {
      "price": 609019,
      "discount": 6919
    },
    "facility": "Restaurant",
    "city": "DEPOK",
    "booked": [
      "2019-08-20T02:26:02-07:00",
      "2014-10-29T12:01:44-07:00",
      "2020-04-12T01:11:25-07:00",
      "2018-06-25T11:15:38-07:00",
      "2020-10-21T08:51:52-07:00",
      "2014-04-20T09:37:58-07:00"
    ],
    "address": "427 Milton Street, Riviera, Colorado, 7842"
  },
  {
    "id": 46,
    "accountId": 15,
    "name": "Stokes",
    "bedType": "SINGLE",
    "size": 532,
    "price": {
      "price": 433640,
      "discount": 45875
    },
    "facility": "Balcony",
    "city": "SEMARANG",
    "booked": [
      "2017-12-21T07:33:01-07:00",
      "2021-02-23T10:14:47-07:00",
      "2016-01-19T09:57:15-07:00",
      "2022-06-17T07:15:35-07:00",
      "2017-07-17T04:44:03-07:00",
      "2018-06-10T06:29:44-07:00",
      "2021-02-17T01:57:29-07:00",
      "2015-12-22T03:40:45-07:00",
      "2017-09-15T08:42:55-07:00"
    ],
    "address": "547 Schweikerts Walk, Fredericktown, Maine, 7083"
  },
  {
    "id": 47,
    "accountId": 4,
    "name": "Alisha",
    "bedType": "KING",
    "size": 148,
    "price": {
      "price": 860068,
      "discount": 78069
    },
    "facility": "Bathub",
    "city": "SURABAYA",
    "booked": [
      "2014-03-26T02:40:13-07:00",
      "2017-02-20T06:31:11-07:00",
      "2020-04-11T12:15:15-07:00",
      "2014-10-19T01:03:25-07:00"
    ],
    "address": "771 Bryant Street, Wolcott, New Mexico, 2927"
  },
  {
    "id": 48,
    "accountId": 18,
    "name": "Daniels",
    "bedType": "DOUBLE",
    "size": 849,
    "price": {
      "price": 575724,
      "discount": 31962
    },
    "facility": "WiFi",
    "city": "LAMPUNG",
    "booked": [
      "2022-06-19T01:30:08-07:00",
      "2015-12-27T05:05:28-07:00",
      "2021-10-25T03:34:15-07:00",
      "2015-02-12T04:10:08-07:00",
      "2016-06-28T12:04:09-07:00",
      "2018-08-13T06:40:42-07:00",
      "2021-07-21T12:32:16-07:00",
      "2022-02-26T07:44:41-07:00",
      "2022-04-24T01:50:10-07:00"
    ],
    "address": "857 Vandervoort Place, Ypsilanti, Michigan, 3915"
  },
  {
    "id": 49,
    "accountId": 16,
    "name": "Renee",
    "bedType": "SINGLE",
    "size": 345,
    "price": {
      "price": 253317,
      "discount": 6840
    },
    "facility": "FitnessCenter",
    "city": "JAKARTA",
    "booked": [
      "2020-07-01T09:23:58-07:00",
      "2018-07-06T03:48:18-07:00",
      "2017-02-12T05:26:14-07:00"
    ],
    "address": "846 Matthews Place, Ezel, Alabama, 9334"
  }
]